component,state,trades_closed,wins,losses,breakeven,win_rate_pct,net_r,avg_r,profit_factor_r,max_drawdown_r,sample_state
AMD,🟢 AMD / PO3 EM DISTRIBUIÇÃO,1,0,1,0,0.0,-1.0,-1.0,0.0,1.0,AMOSTRA PEQUENA
CRT,🟢 CRT CONFIRMADO,1,0,1,0,0.0,-1.0,-1.0,0.0,1.0,AMOSTRA PEQUENA
DEALING_RANGE,🔴 LOCALIZAÇÃO CARA,1,0,1,0,0.0,-1.0,-1.0,0.0,1.0,AMOSTRA PEQUENA
DISPLACEMENT,🟢 DISPLACEMENT FORTE,1,0,1,0,0.0,-1.0,-1.0,0.0,1.0,AMOSTRA PEQUENA
FVG,🟡 FVG PRESENTE,1,0,1,0,0.0,-1.0,-1.0,0.0,1.0,AMOSTRA PEQUENA
LIQUIDITY,⚪ SEM ALVO CLARO,1,0,1,0,0.0,-1.0,-1.0,0.0,1.0,AMOSTRA PEQUENA
MSS,🟢 MSS + DISPLACEMENT,1,0,1,0,0.0,-1.0,-1.0,0.0,1.0,AMOSTRA PEQUENA
OTE,⚪ FORA DO OTE,1,0,1,0,0.0,-1.0,-1.0,0.0,1.0,AMOSTRA PEQUENA
PD_ARRAY,🟢 MITIGATION / ORIGIN EM TESTE,1,0,1,0,0.0,-1.0,-1.0,0.0,1.0,AMOSTRA PEQUENA
SESSION,🟢 JUDAS / MANIPULAÇÃO COERENTE,1,0,1,0,0.0,-1.0,-1.0,0.0,1.0,AMOSTRA PEQUENA
SMT,🟡 SMT NO COMPANHEIRO,1,0,1,0,0.0,-1.0,-1.0,0.0,1.0,AMOSTRA PEQUENA
