timestamp,par,direcao,score_mestre,qualidade,score_base,score_cotada,diferenca,fomc_score,fomc_peso,evento,dias_evento,impacto,timing,preco_entrada,data_preco,avaliado,preco_saida,data_saida,retorno_pct,acertou,versao_coleta,dia_coleta
2026-09-12 20:31:15.555883,EUR/USD,SELL,91.81494661921708,70.25,41.2,60.7763185306036,-19.5763185306036,55.97907487687117,20.0,FOMC — Decisão de juros,4,MÁXIMO,ATENÇÃO,1.1618,2026-09-04,False,,,,,LEGADO,
2026-09-12 22:43:17.264845,GBP/USD,SELL,69.3950177935943,70.25,41.3,60.7763185306036,-19.4763185306036,55.97907487687117,20.0,FOMC — Decisão de juros,4,MÁXIMO,ATENÇÃO,1.3521,2026-09-04 00:00:00,False,,,,,LEGADO,
2026-09-12 23:10:39.568170,AUD/USD,SELL,58.2089552238806,83.75,39.0,61.9756294440367,-22.9756294440367,,,FOMC — Decisão de juros,4,MÁXIMO,ATENÇÃO,0.7209,2026-09-04 00:00:00,False,,,,,LEGADO,
2026-09-12 23:10:41.945692,NZD/USD,SELL,89.55223880597015,83.75,41.2,61.9756294440367,-20.775629444036696,,,FOMC — Decisão de juros,4,MÁXIMO,ATENÇÃO,0.589,2026-09-04 00:00:00,False,,,,,LEGADO,
2026-09-12 23:11:20.282124,USD/JPY,BUY,90.1639344262295,76.25,61.14357004403669,32.3,28.843570044036696,,,FOMC — Decisão de juros,4,MÁXIMO,ATENÇÃO,156.11,2026-09-04 00:00:00,False,,,,,LEGADO,
2026-09-12 23:11:23.593112,USD/CHF,BUY,93.13432835820896,83.75,61.14357004403669,40.2,20.94357004403669,,,FOMC — Decisão de juros,4,MÁXIMO,ATENÇÃO,0.8096,2026-09-04 00:00:00,False,,,,,LEGADO,
2026-09-12 23:12:05.604609,USD/CAD,BUY,93.13432835820896,83.75,61.14357004403669,37.9,23.24357004403669,,,FOMC — Decisão de juros,4,MÁXIMO,ATENÇÃO,1.3834,2026-09-04 00:00:00,False,,,,,LEGADO,
2026-09-12 23:28:03.609474,GBP/USD,SELL,69.3950177935943,70.25,41.3,62.194037444036695,-20.89403744403669,,,FOMC — Decisão de juros,4,MÁXIMO,ATENÇÃO,1.3521,2026-09-04 00:00:00,False,,,,,LEGADO,
2026-09-12 23:28:05.575991,NZD/USD,SELL,89.55223880597015,83.75,41.2,62.194037444036695,-20.99403744403669,,,FOMC — Decisão de juros,4,MÁXIMO,ATENÇÃO,0.589,2026-09-04 00:00:00,False,,,,,LEGADO,
2026-09-12 23:28:06.935184,USD/JPY,BUY,90.1639344262295,76.25,62.194037444036695,32.3,29.89403744403669,,,FOMC — Decisão de juros,4,MÁXIMO,ATENÇÃO,156.11,2026-09-04 00:00:00,False,,,,,LEGADO,
2026-09-12 23:28:07.904045,USD/CHF,BUY,93.13432835820896,83.75,62.194037444036695,40.2,21.99403744403669,,,FOMC — Decisão de juros,4,MÁXIMO,ATENÇÃO,0.8096,2026-09-04 00:00:00,False,,,,,LEGADO,
2026-09-12 23:28:09.048034,USD/CAD,BUY,93.13432835820896,83.75,62.194037444036695,37.9,24.294037444036697,,,FOMC — Decisão de juros,4,MÁXIMO,ATENÇÃO,1.3834,2026-09-04 00:00:00,False,,,,,LEGADO,
2026-09-12 23:33:58.667727,EUR/USD,SELL,91.81494661921708,70.25,41.7,62.194037444036695,-20.49403744403669,,,FOMC — Decisão de juros,4,MÁXIMO,ATENÇÃO,1.1618,2026-09-04 00:00:00,False,,,,,V8.7.3,2026-09-12
2026-09-12 23:34:01.379228,GBP/USD,SELL,69.3950177935943,70.25,41.3,62.194037444036695,-20.89403744403669,,,FOMC — Decisão de juros,4,MÁXIMO,ATENÇÃO,1.3521,2026-09-04 00:00:00,False,,,,,V8.7.3,2026-09-12
2026-09-12 23:34:02.755501,NZD/USD,SELL,89.55223880597015,83.75,41.2,62.194037444036695,-20.99403744403669,,,FOMC — Decisão de juros,4,MÁXIMO,ATENÇÃO,0.589,2026-09-04 00:00:00,False,,,,,V8.7.3,2026-09-12
2026-09-12 23:34:04.396207,USD/JPY,BUY,90.1639344262295,76.25,62.194037444036695,32.3,29.89403744403669,,,FOMC — Decisão de juros,4,MÁXIMO,ATENÇÃO,156.11,2026-09-04 00:00:00,False,,,,,V8.7.3,2026-09-12
2026-09-12 23:34:05.934235,USD/CHF,BUY,93.13432835820896,83.75,62.194037444036695,40.2,21.99403744403669,,,FOMC — Decisão de juros,4,MÁXIMO,ATENÇÃO,0.8096,2026-09-04 00:00:00,False,,,,,V8.7.3,2026-09-12
2026-09-12 23:34:07.157369,USD/CAD,BUY,93.13432835820896,83.75,62.194037444036695,37.9,24.294037444036697,,,FOMC — Decisão de juros,4,MÁXIMO,ATENÇÃO,1.3834,2026-09-04 00:00:00,False,,,,,V8.7.3,2026-09-12
2026-09-13 00:53:07.520457,AUD/USD,SELL,69.58174904942966,65.75,39.0,60.7763185306036,-21.7763185306036,55.97907487687117,20.0,FOMC — Decisão de juros,3,MÁXIMO,ATENÇÃO,0.7209,2026-09-04 00:00:00,False,,,,,V8.7.3,2026-09-12
2026-09-13 04:03:43.971463,EUR/USD,SELL,91.81494661921708,70.25,41.7,60.7763185306036,-19.0763185306036,55.97907487687117,20.0,FOMC — Decisão de juros,3,MÁXIMO,ATENÇÃO,1.1618,2026-09-04 00:00:00,False,,,,,V8.7.3,2026-09-13
2026-09-13 04:03:46.542627,GBP/USD,SELL,69.3950177935943,70.25,46.3,60.7763185306036,-14.4763185306036,55.97907487687117,20.0,FOMC — Decisão de juros,3,MÁXIMO,ATENÇÃO,1.3521,2026-09-04 00:00:00,False,,,,,V8.7.3,2026-09-13
2026-09-13 04:03:48.511565,NZD/USD,SELL,89.55223880597015,83.75,41.2,60.7763185306036,-19.5763185306036,55.97907487687117,20.0,FOMC — Decisão de juros,3,MÁXIMO,ATENÇÃO,0.589,2026-09-04 00:00:00,False,,,,,V8.7.3,2026-09-13
2026-09-13 04:03:49.684988,USD/JPY,BUY,90.1639344262295,76.25,60.7763185306036,32.3,28.4763185306036,55.97907487687117,20.0,FOMC — Decisão de juros,3,MÁXIMO,ATENÇÃO,156.11,2026-09-04 00:00:00,False,,,,,V8.7.3,2026-09-13
2026-09-13 04:03:51.482597,USD/CHF,BUY,93.13432835820896,83.75,60.7763185306036,40.2,20.5763185306036,55.97907487687117,20.0,FOMC — Decisão de juros,3,MÁXIMO,ATENÇÃO,0.8096,2026-09-04 00:00:00,False,,,,,V8.7.3,2026-09-13
2026-09-13 04:03:53.120374,USD/CAD,BUY,93.13432835820896,83.75,60.7763185306036,37.9,22.8763185306036,55.97907487687117,20.0,FOMC — Decisão de juros,3,MÁXIMO,ATENÇÃO,1.3834,2026-09-04 00:00:00,False,,,,,V8.7.3,2026-09-13
2026-09-13 20:08:06.159911,AUD/USD,SELL,69.58174904942966,65.75,39.0,61.9756294440367,-22.9756294440367,,,FOMC — Decisão de juros,3,MÁXIMO,ATENÇÃO,0.7209,2026-09-04 00:00:00,False,,,,,V8.7.3,2026-09-13
2026-09-14 04:04:32.200456,EUR/USD,SELL,91.81494661921708,70.25,39.1,61.9756294440367,-22.875629444036697,,,FOMC — Decisão de juros,2,MÁXIMO,AGUARDAR,1.1618,2026-09-04 00:00:00,False,,,,,V8.7.3,2026-09-14
2026-09-14 04:04:34.836342,GBP/USD,SELL,69.3950177935943,70.25,37.7,61.9756294440367,-24.275629444036696,,,FOMC — Decisão de juros,2,MÁXIMO,AGUARDAR,1.3521,2026-09-04 00:00:00,False,,,,,V8.7.3,2026-09-14
2026-09-14 04:04:37.120379,NZD/USD,SELL,89.55223880597015,83.75,41.2,61.9756294440367,-20.775629444036696,,,FOMC — Decisão de juros,2,MÁXIMO,AGUARDAR,0.589,2026-09-04 00:00:00,False,,,,,V8.7.3,2026-09-14
2026-09-14 04:04:38.925054,USD/JPY,BUY,90.1639344262295,76.25,61.9756294440367,32.1,29.875629444036697,,,FOMC — Decisão de juros,2,MÁXIMO,AGUARDAR,156.11,2026-09-04 00:00:00,False,,,,,V8.7.3,2026-09-14
2026-09-14 04:04:41.044441,USD/CHF,BUY,93.13432835820896,83.75,61.9756294440367,39.1,22.875629444036697,,,FOMC — Decisão de juros,2,MÁXIMO,AGUARDAR,0.8096,2026-09-04 00:00:00,False,,,,,V8.7.3,2026-09-14
2026-09-14 04:04:43.851587,USD/CAD,BUY,91.25475285171103,65.75,61.9756294440367,37.9,24.0756294440367,,,FOMC — Decisão de juros,2,MÁXIMO,AGUARDAR,1.3834,2026-09-04 00:00:00,False,,,,,V8.7.3,2026-09-14
